[
    {
        "id": "abrigo-01",
        "titulo": "Abrigo 01",
        "imagen": "./img/abrigos/01.jpg",
        "categoria": {
            "nombre": "Abrigos",
            "id": "abrigos"
        },
        "precio": 1000
    },
    {
        "id": "abrigo-02",
        "titulo": "Abrigo 02",
        "imagen": "./img/abrigos/02.jpg",
        "categoria": {
            "nombre": "Abrigos",
            "id": "abrigos"
        },
        "precio": 1000
    },
    {
        "id": "abrigo-03",
        "titulo": "Abrigo 03",
        "imagen": "./img/abrigos/03.jpg",
        "categoria": {
            "nombre": "Abrigos",
            "id": "abrigos"
        },
        "precio": 1000
    },
    {
        "id": "abrigo-04",
        "titulo": "Abrigo 04",
        "imagen": "./img/abrigos/04.jpg",
        "categoria": {
            "nombre": "Abrigos",
            "id": "abrigos"
        },
        "precio": 1000
    },
    {
        "id": "abrigo-05",
        "titulo": "Abrigo 05",
        "imagen": "./img/abrigos/05.jpg",
        "categoria": {
            "nombre": "Abrigos",
            "id": "abrigos"
        },
        "precio": 1000
    },
    {
        "id": "abrigo-06",
        "titulo": "Abrigo 06",
        "imagen": "./img/abrigos/06.jpg",
        "categoria": {
            "nombre": "Abrigos",
            "id": "abrigos"
        },
        "precio": 1000
    },
    {
        "id": "abrigo-07",
        "titulo": "Abrigo 07",
        "imagen": "./img/abrigos/07.jpg",
        "categoria": {
            "nombre": "Abrigos",
            "id": "abrigos"
        },
        "precio": 1000
    },
    {
        "id": "abrigo-08",
        "titulo": "Abrigo 08",
        "imagen": "./img/abrigos/08.jpg",
        "categoria": {
            "nombre": "Abrigos",
            "id": "abrigos"
        },
        "precio": 1000
    },
    {
        "id": "camiseta-01",
        "titulo": "Camiseta 01",
        "imagen": "./img/camisetas/01.jpg",
        "categoria": {
            "nombre": "Camisetas",
            "id": "camisetas"
        },
        "precio": 1000
    },
    {
        "id": "camiseta-02",
        "titulo": "Camiseta 02",
        "imagen": "./img/camisetas/02.jpg",
        "categoria": {
            "nombre": "Camisetas",
            "id": "camisetas"
        },
        "precio": 1000
    },
    {
        "id": "camiseta-03",
        "titulo": "Camiseta 03",
        "imagen": "./img/camisetas/03.jpg",
        "categoria": {
            "nombre": "Camisetas",
            "id": "camisetas"
        },
        "precio": 1000
    },
    {
        "id": "camiseta-04",
        "titulo": "Camiseta 04",
        "imagen": "./img/camisetas/04.jpg",
        "categoria": {
            "nombre": "Camisetas",
            "id": "camisetas"
        },
        "precio": 1000
    },
    {
        "id": "camiseta-05",
        "titulo": "Camiseta 05",
        "imagen": "./img/camisetas/05.jpg",
        "categoria": {
            "nombre": "Camisetas",
            "id": "camisetas"
        },
        "precio": 1000
    },
    {
        "id": "camiseta-06",
        "titulo": "Camiseta 06",
        "imagen": "./img/camisetas/06.jpg",
        "categoria": {
            "nombre": "Camisetas",
            "id": "camisetas"
        },
        "precio": 1000
    },
    {
        "id": "camiseta-07",
        "titulo": "Camiseta 07",
        "imagen": "./img/camisetas/07.jpg",
        "categoria": {
            "nombre": "Camisetas",
            "id": "camisetas"
        },
        "precio": 1000
    },
    {
        "id": "camiseta-08",
        "titulo": "Camiseta 08",
        "imagen": "./img/camisetas/08.jpg",
        "categoria": {
            "nombre": "Camisetas",
            "id": "camisetas"
        },
        "precio": 1000
    },
    {
        "id": "pantalon-01",
        "titulo": "Pantalón 01",
        "imagen": "./img/pantalones/01.jpg",
        "categoria": {
            "nombre": "Pantalones",
            "id": "pantalones"
        },
        "precio": 1000
    },
    {
        "id": "pantalon-02",
        "titulo": "Pantalón 02",
        "imagen": "./img/pantalones/02.jpg",
        "categoria": {
            "nombre": "Pantalones",
            "id": "pantalones"
        },
        "precio": 1000
    },
    {
        "id": "pantalon-03",
        "titulo": "Pantalón 03",
        "imagen": "./img/pantalones/03.jpg",
        "categoria": {
            "nombre": "Pantalones",
            "id": "pantalones"
        },
        "precio": 1000
    },
    {
        "id": "pantalon-04",
        "titulo": "Pantalón 04",
        "imagen": "./img/pantalones/04.jpg",
        "categoria": {
            "nombre": "Pantalones",
            "id": "pantalones"
        },
        "precio": 1000
    },
    {
        "id": "pantalon-05",
        "titulo": "Pantalón 05",
        "imagen": "./img/pantalones/05.jpg",
        "categoria": {
            "nombre": "Pantalones",
            "id": "pantalones"
        },
        "precio": 1000
    },
    {
        "id": "pantalon-06",
        "titulo": "Pantalón 06",
        "imagen": "./img/pantalones/06.jpg",
        "categoria": {
            "nombre": "Pantalones",
            "id": "pantalones"
        },
        "precio": 1000
    },
    {
        "id": "pantalon-07",
        "titulo": "Pantalón 07",
        "imagen": "./img/pantalones/07.jpg",
        "categoria": {
            "nombre": "Pantalones",
            "id": "pantalones"
        },
        "precio": 1000
    },
    {
        "id": "pantalon-08",
        "titulo": "Pantalón 08",
        "imagen": "./img/pantalones/08.jpg",
        "categoria": {
            "nombre": "Pantalones",
            "id": "pantalones"
        },
        "precio": 1000
    }
]